USE bibliotheque;

-- Insertion des données dans les tables

INSERT INTO `auteurs` (`id`, `nom`) VALUES
('1', 'Stefan Zweig'),
('2', 'Sylvain Tesson'),
('3', 'Fabrice Grenard'),
('4', 'Jean-Baptiste Andrea'),
('5', 'Ray Bradbury'),
('6', 'Simone Veil'),
('7', 'Jean-Philippe Jaworski'),
('8', 'Stephen King'),
('9', 'Yasmina Khadra'),
('10', 'Erich Maria Remarque'),
('11', 'Platon'),
('12', 'Edmond Rostand'),
('13', 'Romain Gary'),
('14', 'Franz Kafka'),
('15', 'Dov Alfon'),
('16', 'George Orwell'),
('17', 'Roger Jon Ellory'),
('18', 'Harlan Coben'),
('19', 'Colson Whitehead'),
('20', 'Victor Hugo'),
('21', 'Eugène Ionesco'),
('22', 'Barack Obama'),
('23', 'Fred Uhlman'),
('24', 'Jean de la Fontaine'),
('25', 'Madame de la Fayette'),
('26', 'Roald Dahl'),
('27', 'Charles Baudelaire'),
('28', 'Marivaux'),
('29', 'Voltaire'),
('30', 'Robert Louis Stevenson'),
('31', 'Guy de Maupassant'),
('32', 'Matt Groening'),
('33', 'Jim Davis'),
('34', 'Anthony Horowitz'),
('35', 'Voltaire'),
('36', 'Claude Delannoy'),
('37', 'J. K. Rowling'),
('38', 'Joseph Delaney'),
('39', 'Didier Boursin'),
('40', 'Timothée de Fombelle'),
('41', 'Anne Fine'),
('42', 'Hergé'),
('43', 'David E. Hoffman'),
('44', 'Yves Grevet'),
('45', 'Guy Bensoussan'),
('46', 'Le Tatou'),
('47', 'Kate Klise'),
('48', 'Thierry Gaudin');

INSERT INTO `genres` (`id`, `nom`) VALUES
('1', 'Nouvelle'),
('2', 'Conte'),
('3', 'Roman'),
('4', 'Biographie'),
('5', 'Autobiographie'),
('6', 'Journal'),
('7', 'Bande-dessinée'),
('8', 'Manga'),
('9', 'Fable'),
('10', 'Théâtre'),
('11', 'Poésie'),
('12', 'Dialogue'),
('13', 'Autre');

INSERT INTO `books` (`nom`, `auteur_id`, `isbn`, `description`, `prix`, `link`, `genre_id`) VALUES
('Le Joueur d\'échecs', 1, '9782253057840', 'Qui est cet inconnu capable d\'en remontrer au grand Czentovic, le champion mondial des échecs, véritable prodige aussi fruste qu\'antipathique ? Peut-on croire, comme il l\'affirme, qu\'il n\'a pas joué depuis plus de vingt ans ? Voilà un mystère que les passagers oisifs de ce paquebot de luxe aimeraient bien percer.\r\nLe narrateur y parviendra. Les circonstances dans lesquelles l\'inconnu a acquis cette science sont terribles. Elles nous reportent aux expérimentations nazies sur les effets de l\'isolement absolu, lorsque, aux frontières de la folie, entre deux interrogatoires, le cerveau humain parvient à déployer ses facultés les plus étranges.\r\nUne fable inquiétante, fantastique, qui, comme le dit le personnage avec une ironie douloureuse, « pourrait servir d\'illustration à la charmante époque où nous vivons ».', '3', 'le-joueur-dechecs', 3),
('Le Monde d\'hier : Souvenirs d\'un Européen', 1, '9782253140405', 'Rédigé en 1941, alors que, émigré au Brésil, Stefan Zweig avait déjà décidé de mettre fin à ses jours, \"Le Monde d\'hier\" est l\'un des plus grands livres-témoignages de notre époque. Zweig y retrace l\'évolution de l\'Europe de 1895 à 1941, le destin d\'une génération confrontée brutalement à l\'Histoire et à toutes les « catastrophes imaginables ».\r\nIl évoque avec bonheur sa vie de bourgeois privilégié dans la Vienne d\'avant 1914 et quelques grandes figures qui furent ses amis : Schnitzler, Rilke, Romain Rolland, Freud ou Valéry. Mais il donne aussi à voir la montée du nationalisme, le bouleversement des idées d\'après 14-18 puis l\'arrivée au pouvoir d\'Hitler, l\'horreur de l\'antisémitisme d\'État et, pour finir, « le suicide de l\'Europe ».\r\nAvec le recul, la lucidité de son testament intellectuel frappe le lecteur d\'aujourd\'hui, de même que sa dénonciation des nationalismes et son plaidoyer pour l\'Europe.', '9.70', 'le-monde-dhier-souvenir-dun-europeen', 3),
('Ivresse de la métamorphose', 1, '9782253064602', 'Dernière oeuvre de Stefan Zweig, non publiée de son vivant, ce véritable testament romanesque nous transporte dans l\'Autriche de l\'entre-deux-guerres, déjà convoitée par l\'Allemagne nazie. Christine, modeste employée des Postes, a vu mourir son père et son frère. L\'invitation impromptue d\'une riche tante d\'Amérique achève de la révolter contre la médiocrité de sa vie, sentiment qu\'elle partage bientôt avec Ferdinand, ancien combattant mutilé, devenu chômeur.\r\nMais l\'argent et la puissance mènent le monde, non pas l\'amour. Devant le lent naufrage de l\'Europe dans la barbarie, le couple s\'enfonce dans une désespérance qui semble annoncer le suicide, en 1942, du grand écrivain autrichien, auteur d\'Amok et de La Confusion des sentiments.', '8.70', 'ivresse-de-la-metamorphose', 3),
('Lettre d\'une inconnue', 1, '9782253175476', 'Un écrivain viennois apprend en lisant son courrier qu’une femme l’aime en secret d’un amour absolu depuis des années.\r\nUne nuit, un voyageur rencontre dans un bar un homme autrefois dominateur, aujourd’hui humilié par une fille à matelots.\r\nCes deux nouvelles publiées en 1922 témoignent de l’art de Stefan Zweig pour dépeindre les tourments de l’amour non partagé, la passion qui brûle les cœurs et détruit les vies.', '1.90', 'lettre-dune-inconnue', 3),
('Vingt-quatre heures de la vie d\'une femme', 1, '9782253060222', 'Scandale dans une pension de famille « comme il faut », sur la Côte d\'Azur du début du siècle : Mme Henriette, la femme d\'un des clients, s\'est enfuie avec un jeune homme qui pourtant n\'avait passé là qu\'une journée... Seul le narrateur tente de comprendre cette « créature sans moralité », avec l\'aide inattendue d\'une vieille dame anglaise très distinguée, qui lui expliquera quels feux mal éteints cette aventure a ranimés chez elle.\r\nCe récit d\'une passion foudroyante, bref et aigu comme les affectionnait l\'auteur d\'Amok et du Joueur d\'échecs, est une de ses plus incontestables réussites.', '4', 'vingt-quatre-heures-de-la-vie-dune-femme', 3),
('Dans les forêts de Sibérie', 2, '9782072836800', 'Assez tôt, j\'ai compris que je n\'allais pas pouvoir faire grand-chose pour changer le monde. Je me suis alors promis de m\'installer quelque temps, seul, dans une cabane. Dans les forêts de Sibérie.  J\'ai acquis une isba de bois, loin de tout, sur les bords du lac Baïkal.  Là, pendant six mois, à cinq jours de marche du premier village, perdu dans une nature démesurée, j\'ai tâché de vivre dans la lenteur et la simplicité. Je crois y être parvenu.  Deux chiens, un poêle à bois, une fenêtre ouverte sur un lac suffisent à l\'existence.  Et si la liberté consistait à posséder le temps ? Et si la richesse revenait à disposer de solitude, d\'espace et de silence - toutes choses dont manqueront les générations futures ?  Tant qu\'il y aura des cabanes au fond des bois, rien ne sera tout à fait perdu.', '8.90', 'dans-les-forets-de-siberie', 3),
('Sur les Chemins noirs', 2, '9782072823428', 'Il m\'aura fallu courir le monde et tomber d\'un toit pour saisir que je disposais là, sous mes yeux, dans un pays si proche dont j\'ignorais les replis, d\'un réseau de chemins campagnards ouverts sur le mystère, baignés de pur silence, miraculeusement vides. \r\nLa vie me laissait une chance, il était donc grand temps de traverser la France à pied sur mes chemins noirs. Là, personne ne vous indique ni comment vous tenir, ni quoi penser, ni même la direction à prendre', '7.80', 'sur-les-chemins-noirs', 3),
('Jean Moulin, le héros oublié', 3, '9782259316743', 'Le 21 juin 1943, Jean Moulin est arrêté. Il vient d\'être dénoncé. Face à lui, Klaus Barbie, le chef de la Gestapo de Lyon. Tous deux savent que la partie est finie.\r\n« Affreusement torturé par un ennemi sans honneur », dit le général de Gaulle, le héros français va mourir lors de son transfert en Allemagne. Son corps est incinéré et ses cendres sont classées « inconnues » au cimetière du Père-Lachaise.\r\nC\'était il y a quatre-vingts ans.\r\nOn pense tout connaître, tout savoir de celui qui a donné sa vie pour la France. Pourtant, nul n\'évoque plus sa mémoire. En entrant au Panthéon, en 1964, et surtout dans les livres d\'histoire, l\'homme a été réduit à l\'image figée d\'un héros.\r\nIl est temps de raconter la vie de Jean Moulin, d\'écrire son épopée – alors que ses derniers compagnons sont aujourd\'hui disparus –, de sonder ses faiblesses, de restituer son humanité. De lui rendre hommage.\r\nFabrice Grenard, le grand spécialiste de la Résistance, a relevé ce défi. Avec cet ouvrage, il nous plonge au coeur des années sombres et réveille notre fierté patriotique.', '15.90', 'jean-moulin-le-heros-oublie', 6),
('Veiller sur elle', 4, '9782378803759', 'Au grand jeu du destin, Mimo a tiré les mauvaises cartes. Né pauvre, il est confié en apprentissage à un sculpteur de pierre sans envergure. Mais il a du génie entre les mains.\r\nToutes les fées ou presque se sont penchées sur Viola Orsini. Héritière d\'une famille prestigieuse, elle a passé son enfance à l\'ombre d\'un palais génois. Mais elle a trop d\'ambition pour se résigner à la place qu\'on lui assigne.\r\nCes deux-là n\'auraient jamais dû se rencontrer. Au premier regard, ils se reconnaissent et se jurent de ne jamais se quitter. Viola et Mimo ne peuvent ni vivre ensemble, ni rester longtemps loin de l\'autre. Liés par une attraction indéfectible, ils traversent des années de fureur quand l\'Italie bascule dans le fascisme. Mimo prend sa revanche sur le sort, mais à quoi bon la gloire s\'il doit perdre Viola ?\r\nUn roman plein de fougue et d\'éclats, habité par la grâce et la beauté.', '22.50', 'veiller-sur-elle', 3),
('Double piège', 18, '9782266285506', 'New Jersey, aujourd\'hui.\r\nPour surveiller sa baby-sitter, Maya a installé une caméra dans son salon. Un jour, un homme apparaît à l\'écran, jouant avec sa petite Lily. Un homme que Maya connaît bien : Joe, son mari... qu\'elle vient d\'enterrer.\r\nUn choc. Et de troublantes découvertes : le certificat de décès de Joe a disparu et l\'arme impliquée dans sa mort est aussi celle qui a coûté la vie à la sœur de Maya, Claire, quatre mois plus tôt.\r\nMort ou vivant, qui était vraiment Joe ? Doit-on croire tout ce que l\'on voit ?\r\nPour Maya, l\'heure est venue de plonger dans un passé trouble ; un monde à la frontière entre vérité et illusions. Un monde dangereux, dont elle pourrait être la nouvelle victime...\r\n', '8.60', 'double-piege', 3),
('Underground Railroad', 19, '9782253100744', 'Cora, seize ans, est esclave sur une plantation de coton dans la Géorgie d’avant la guerre de Sécession. Abandonnée par sa mère lorsqu’elle était enfant, elle survit tant bien que mal à la violence de sa condition. Lorsque Caesar, un esclave récemment arrivé de Virginie, lui propose de s’enfuir, elle accepte et tente, au péril de sa vie, de gagner avec lui les États libres du Nord.\r\nDe la Caroline du Sud à l’Indiana en passant par le Tennessee, Cora va vivre une incroyable odyssée. Traquée comme une bête par un impitoyable chasseur d’esclaves qui l’oblige à fuir, sans cesse, le « misérable cœur palpitant » des villes, elle fera tout pour conquérir sa liberté.\r\nL’une des prouesses de Colson Whitehead est de matérialiser l’« Underground Railroad », le célèbre réseau clandestin d’aide aux esclaves en fuite qui devient ici une véritable voie ferrée souterraine, pour explorer, avec une originalité et une maîtrise époustouflantes, les fondements et la mécanique du racisme.\r\nÀ la fois récit d’un combat poignant et réflexion saisissante sur la lecture de l’Histoire, ce roman, couronné par le prix Pulitzer, est une œuvre politique aujourd’hui plus que jamais nécessaire.', '8.20', 'underground-railroad', 3),
('Les Fantômes de Manhattan', 17, '9782253184416', 'Annie O’Neill, 31 ans, est une jeune fille discrète. Elle tient une petite librairie en plein cœur de Manhattan, fréquentée par quelques clients aussi solitaires et marginaux qu’elle. Son existence est bouleversée par la visite d’un nommé Forrester, qui se présente comme un très bon ami de ses parents, qu’elle n’a pratiquement pas connus.L’homme est venu lui remettre un manuscrit. Celui-ci raconte l’histoire d’un certain Haim Kruszwica, adopté par un soldat américain lors de la libération de Dachau, devenu ensuite une des grandes figures du banditisme new-yorkais. Quel rapport avec l’histoire intime d’Annie ? Et pourquoi le dénommé Forrester est-il si réticent à lui avouer la vérité ? Lorsqu’elle lui sera enfin dévoilée, celle-ci sera plus inattendue et incroyable que tout ce qu’elle a pu imaginer.', '8.40', 'les-fantomes-de-manhattan', 3),
('Une Jeunesse au temps de la Shoah', 6, '9782253127628', 'L\'idée d\'extraire de ma biographie les quelques passages qui peuvent être regardés comme d\'utile pédagogie vis-à-vis de la jeunesse d\'aujourd\'hui m\'a paru séduisante.\r\nS.V.\r\nCette édition pédagogique regroupe les quatre premiers chapitres d\'Une vie et couvre la période 1927-1954. Ce que Simone Veil a vécu durant ces années - où elle passa d\'une enfance protégée à l\'horreur des camps de concentration, puis retourna à la « vie normale » - sans pouvoir partager son expérience avec ceux qui ne l\'avaient pas connue, s\'inscrit dans le nécessaire devoir de mémoire des jeunes générations. Source de réflexions, son sobre récit est également une leçon de courage et d\'espoir.', '5.70', 'une-jeunesse-au-temps-de-la-shoah', 3),
('L\'Attentat', 9, '9782266204972', 'Dans un restaurant de Tel-Aviv, une femme se fait exploser au milieu de dizaines de clients. À l\'hôpital, le docteur Amine, chirurgien israélien d\'origine arabe, opère à la chaîne les survivants de l\'attentat. Dans la nuit qui suit le carnage, on le rappelle d\'urgence pour examiner le corps déchiqueté de la kamikaze. Le sol se dérobe alors sous ses pieds : il s\'agit de sa propre femme.\r\nComment admettre l\'impossible, comprendre l\'inimaginable, découvrir qu\'on a partagé, des années durant, la vie et l\'intimité d\'une personne dont on ignorait l\'essentiel ? Pour savoir, il faut entrer dans la haine, le sang et le combat désespéré du peuple palestinien...', '8.30', 'lattentat', 3),
('22/11/63', 8, '9782253195108', 'Imaginez que vous puissiez remonter le temps, changer le cours de l\'Histoire. Le 22 novembre 1963, le président Kennedy était assassiné à Dallas. \r\nÀ moins que... \r\nJake Epping, professeur d\'anglais à Lisbon Falls, n\'a pu refuser la requête d\'un ami mourant : empêcher l\'assassinat de Kennedy. Une fissure dans le temps va l\'entraîner dans un fascinant voyage dans le passé, en 1958, l\'époque d\'Elvis et de JFK, des Plymouth Fury et des Everly Brothers, d\'un dégénéré solitaire nommé Lee Harvey Oswald et d\'une jolie bibliothécaire qui deviendra le grand amour de Jake. \r\nAvec une extraordinaire énergie créatrice, Stephen King revisite au travers d\'un suspense vertigineux l\'Amérique du baby-boom, des « happy days » et du rock‘n’roll.', '12.90', '221163', 3),
('À l\'Ouest rien de nouveau', 10, '9782253006701', '« Quand nous partons, nous ne sommes que de vulgaires soldats, maussades ou de bonne humeur et, quand nous arrivons dans la zone où commence le front, nous sommes devenus des hommes-bêtes… »\r\nTémoignage d’un simple soldat allemand de la guerre de 1914-1918, À l’ouest rien de nouveau, roman pacifiste, réaliste et bouleversant, connut, dès sa parution en 1928, un succès mondial retentissant. Il reste l’un des ouvrages les plus forts dans la dénonciation de la monstruosité de la guerre.', '6.10', 'a-louest-rien-de-nouveau', 3),
('Gagner la guerre', 7, '9782070464272', '« Gagner une guerre, c\'est bien joli, mais quand il faut partager le butin entre les vainqueurs, et quand ces triomphateurs sont des nobles pourris d\'orgueil et d\'ambition, le coup de grâce infligé à l\'ennemi n\'est qu\'un amuse-gueule. C\'est la curée qui commence. On en vient à regretter les bonnes vieilles batailles rangées et les tueries codifiées selon l\'art militaire. Désormais, pour rafler le pactole, c\'est au sein de la famille qu\'on sort les couteaux. Et il se trouve que les couteaux, justement, c\'est plutôt mon rayon... »\r\n\r\nGagner la guerre est le premier roman de Jean-Philippe Jaworski. On y retrouve avec plaisir l’écriture inimitable de l’auteur des nouvelles de Janua vera et don Benvenuto, personnage aussi truculent que détestable. Le livre a obtenu en 2009 le prix du premier roman de la région Rhône-Alpes et le prix Imaginales du meilleur roman français de fantasy.', '13.50', 'gagner-la-guerre', 3),
('Le Procès', 14, '9782253150152', 'M. K. est arrêté un beau matin par des policiers mystérieux, pour une faute qu\'on ne veut pas lui dire. Il reste libre de ses mouvements. \r\nMais il ne peut plus ignorer qu\'un procès lui est intenté par des instances énigmatiques. Il essaiera de voir des juges, des avocats. Il tourne en rond, il perd sa peine. Il apprend qu\'il ne peut être gracié. \r\nÀ l\'aube, un jour, deux messieurs en frac et en gibus l\'exécutent dans une carrière, en lui sciant le cou dans un mouvement de ballet. Quelle est cette justice étrange ? Quel est ce Procès qu\'on ne peut jamais gagner ? M. K. n\'est-il pas l\'homme tout court, condamné à mort de naissance, et qui s\'agite vainement du néant à la tombe. ', '4.40', 'le-proces', 3),
('La Ferme des animaux', 16, '9782072921414', 'Un jour de juin eut lieu en Angleterre la révolte des animaux. Les cochons dirigent le nouveau régime. Boule-de-Neige et Napoléon, cochons en chef, affichent un règlement : « Tout ce qui marche sur deux pieds est un ennemi. Tout ce qui marche sur quatre pattes, ou possède des ailes, est un ami. Nul animal ne portera de vêtements. Nul animal ne dormira dans un lit. Nul animal ne boira d’alcool. Nul animal ne tuera un autre animal. Tous les animaux sont égaux. » Le temps passe. La pluie efface les commandements. L’âne, un cynique, arrive encore à déchiffrer : « Tous les animaux sont égaux, mais certains animaux sont plus égaux que d’autres. »', '5', 'la-ferme-des-animaux', 3),
('La Métamorphose', 14, '9782080441218', 'Un beau matin, Gregor Samsa, fils d’une famille de petits-bourgeois à l’existence médiocre, se réveille changé en un coléoptère monstrueux. Face à cette transformation aussi soudaine qu’inexplicable, c’est le comportement de tout son entourage qui se métamorphose…\r\nRégi de bout en bout par une implacable logique, La Métamorphose (1915), récit cocasse et terrifiant, est le plus célèbre des textes de Kafka.', '2.50', 'la-metamorphose', 3),
('La Promesse de l\'aube', 13, '9782070363735', '«- Tu seras un héros, tu seras général, Gabriele D\'Annunzio, Ambassadeur de France - tous ces voyous ne savent pas qui tu es ! \r\nJe crois que jamais un fils n\'a haï sa mère autant que moi, à ce moment-là. Mais, alors que j\'essayais de lui expliquer dans un murmure rageur qu\'elle me compromettait irrémédiablement aux yeux de l\'Armée de l\'Air, et que je faisais un nouvel effort pour la pousser derrière le taxi, son visage prit une expression désemparée, ses lèvres se mirent à trembler, et j\'entendis une fois de plus la formule intolérable, devenue depuis longtemps classique dans nos rapports : - Alors, tu as honte de ta vieille mère ?»', '9.40', 'la-promesse-de-laube', 3),
('Unité 8200', 15, '9782072873089', 'Quand un entrepreneur israélien disparaît à Roissy après avoir été aperçu en compagnie d\'une femme, personne ne s\'inquiète. Pourtant, dans son pays, l\'alerte est vite donnée. Le colonel Zeev Abadi, fraîchement nommé à la tête de l\'Unité 8200, l\'élite du renseignement israélien, se trouvait à bord du même vol. La coïncidence est troublante. Quand un deuxième passager de cet avion disparaît à son tour, la crise diplomatique approche. Tandis qu\'Abadi, épaulé par la redoutable Oriana Talmor, s\'active entre Paris et Tel-Aviv pour identifier et retrouver les victimes, un commando chinois rôde dans les rues de Paris. Et au fil de la nuit, les corps s\'accumulent...', '9.40', 'unite-8200', 3),
('La Potion magique de Georges Bouillon', 26, '9782070513406', 'La plupart des grands-mères sont d\'adorables vieilles dames, gentilles et serviables. Hélas, ce n\'est pas le cas de la grand-mère de Georges ! Grincheuse, affreuse et égoïste, elle ressemble trop à une sorcière. Et puis elle a de curieux goûts : elle aime se régaler de limaces, de chenilles... Un jour, alors qu\'elle vient une fois de plus de le terroriser, Georges décide de lui préparer une terrible potion magique. Une potion aux effets surprenants, extraordinaires, hilarants...', '7.90', 'la-potion-magique-de-georges-bouillon', 3),
('Charlie et la chocolaterie', 26, '9782070513338', 'Le métier de visseur de capuchons de tubes de dentifrice ne permettait pas à Mr Bucket de subvenir aux besoins de sa nombreuse famille : Mrs Bucket son épouse, grand-maman Joséphine et grand-papa Joe, grand-papa Georges et grand-maman Georgina. Sans oublier son fils Charlie dont le rêve le plus fou était de manger du chocolat ! Aussi, quelle ne fut pas l\'émotion du jeune garçon en apprenant que Willy Wonka invitait cinq enfants à visiter sa merveilleuse chocolaterie, la plus célèbre du monde entier. Les cinq enfants qui découvriraient un ticket d\'or caché dans cinq bâtons de chocolat...', '7.90', 'charlie-et-la-chocolaterie', 3),
('Matilda', 26, '9782070512546', 'Avant même d\'avoir cinq ans, Matilda sait lire et écrire, connaît tout Dickens, tout Hemingway, a dévoré Kipling et Steinbeck. Pourtant son existence est loin d\'être facile entre une mère indifférente, abrutie par la télévision et un père d\'une franche malhonnêteté. Sans oublier Mlle Legourdin, la directrice de l\'école, personnage redoutable qui voue à tous les enfants une haine implacable. Sous la plume tendre et acerbe de Roald Dahl, les événements vont se précipiter, étranges, terribles, hilarants...', '9.70', 'matilda', 3),
('Bizarre ! Bizarre !', 26, '9782070363957', '« Pour l\'amour de Dieu, dit-il sans se retourner, ne prépare rien pour moi. Je sors. » Alors, Mary Maloney fit simplement quelques pas vers lui et, sans attendre, elle leva le gros gigot aussi haut qu\'elle put au-dessus du crâne de son mari, puis cogna de toutes ses forces. Elle aurait pu aussi bien l\'assommer d\'un coup de massue. Elle recula. Il demeura miraculeusement debout pendant quelques secondes, en titubant un peu. Puis il s\'écroula sur le tapis.', '9.40', 'bizarre-bizarre', 3),
('Fables - Livres VII à XI', 24, '9782401056831', 'Le lion, monarque absolu, met à mort ceux de ses sujets qui n’ont pas la chance de lui plaire. Une laitière, qui espérait s’enrichir à la ville, voit ses rêves s’écrouler…\r\nDans les fables qui composent les livres VII à XI, La Fontaine dresse – sous des apparences plaisantes – un tableau sans concession du Grand Siècle. Ce faisant, il nous offre un art de vivre fondé sur la rêverie, l’amitié et l’amour.', '3.20', 'fables-livres-vii-a-xi', 9),
('La Princesse de Clèves', 25, '9782401059375', 'À la cour du roi Henri II, Mme de Clèves tombe sous le charme de M. de Nemours et subit les ravages d’une passion coupable.\r\nDans ce roman d’analyse, pionnier du genre, Mme de Lafayette dépeint avec minutie les tourments de son héroïne, déchirée entre désir et devoir.', '3,20', 'la-princesse-de-cleves', 3),
('Les Fausses Confidences', 28, '9782091512181', 'Le séduisant et désargenté Dorante aime Araminte, jeune et riche veuve. Mais, tout les sépare. Comment faire naître l\'amour dans le coeur de la belle ? Dubois, valet d\'Araminte et ancien serviteur de Dorante, maître en intrigues et stratagèmes, y veille. ', '3,50', 'les-fausses-confidences', 10),
('Les Fleurs du Mal', 27, '9782091512143', 'Un poète à l\'élégance recherchée, provocateur et hanté par la mélancolie, nous invite, dans ce recueil original, à découvrir son univers. Ses audaces sont telles que le livre passa en justice. Visitons dons le laboratoire d\'alchimiste de Charles Baudelaire, dans lequel les femmes s\'épanouissent sur le terreau du mal et de la douleur, et où la misère et la boue de la ville sont transmutées en or poétique.', '3,50', 'les-fleurs-du-mal', 11),
('Les Misérables', 20, '9782035834256', 'La bataille de Waterloo, Paris, les barricades, les bagnes et les usines… Fantine, Cosette, Jean Valjean, Gavroche, les Thénardier… Les événements, les lieux et les héros les plus célèbres de toute la littérature française dans un roman d’aventures, de passion et de haine, de vengeance et de pardon, tout à tour tragique et drôle, violent et sentimental, historique et légendaire, noir et poétique. Le chef-d’œuvre de Victor Hugo, mille fois adapté et traduit, à découvrir dans sa version originale.', '3,95', 'les-miserables', 3),
('Le Horla', 31, '9782070626083', '« D\'où viennent ces influences mystérieuses qui changent en découragement notre bonheur et notre confiance en détresse ? On dirait que l\'air, l\'air invisible est plein d\'inconnaissables Puissances, dont nous subissons les voisinages mystérieux. » L\'homme qui écrit ces lignes se croit poursuivi par une redoutable créature invisible : le Horla. Une créature qui va l\'entraîner au bout de la folie...', '4,00', 'le-horla', 1),
('L\'Ami retrouvé', 23, '9782070374632', 'Agé de seize ans, Hans Schwarz, fils unique d\'un médecin juif, fréquente le lycée le plus renommé de Stuggart. Il est encore seul et sans ami véritable lorsque l\'arrivée dans sa classe d\'un\' garçon d\'une famille protestante d\'illustre ascendance lui permet de réaliser son exigeant idéal de l\'amitié, tel que le lui fait concevoir l\'exaltation romantique qui est souvent le propre de l\'adolescence. \r\nC\'est en 1932 qu\'a lieu cette rencontre, qui sera de courte durée, les troubles déclenchés par la venue de Hitler ayant fini par gagner la paisible ville de Stuttgart. Les parents de Hans, qui soupçonnent les vexations que subit le jeune homme au lycée, décident de l\'envoyer en Amérique, où il fera sa carrière et s\'efforcera de rayer de sa vie et d\'oublier l\'enfer de son passé. Ce passé qui se rappellera un jour à lui de façon tragique.', '7,80', 'lami-retrouve', 3),
('L\'Étrange Cas du Dr Jekyll et de Mr Hyde', 30, '9782253147640', 'Petit, difforme, velu, un monstre erre dans l\'atmosphère trouble des rues de Londres. Le vent souffle, l\'éclat rouge des réverbères perce à peine le brouillard...\r\nPaisiblement installé dans son bureau, devant le feu qui crépite, un respectable savant voit avec épouvante sa belle main se dessécher, se couvrir de poils...\r\nUne histoire à faire dresser les cheveux sur la tête du lecteur, même le plus enclin à se dédoubler.', '3,00', 'letrange-cas-du-dr-jekyll-et-de-mr-hyde', 3),
('Théétète Parménide', 11, '9782080701633', '«Théétète, tu essayes par la suite de concevoir d\'autres pensées et si tu les conçois, tu seras plein de choses meilleures grâce à la discussion présente, et, si tu demeures vide, tu seras moins à charge à ceux que tu fréquenteras, et plus doux, parce que tu seras assez sage pour ne pas croire que tu sais ce que tu ne sais pas. C\'est là tout ce que mon art peut faire, et rien de plus. Je ne sais rien de ce que savent les grands et admirables sages de ce temps et du temps passé. Quant à l\'art d\'accoucher, ma mère et moi, nous l\'avons reçu de Dieu, elle pour les femmes, et moi pour les jeunes gens d\'âme généreuse et pour tous ceux qui sont beaux.» \r\nThéétète.', '6,00', 'theetete-parmenide', 12),
('Discours choisis', 22, '9782072777318', 'L\'entrée de Barack Obama à la Maison-Blanche en 2009 a marqué un tournant dans l\'histoire des États-Unis. Il s\'est notamment imposé au fil des ans comme un orateur hors pair, et nombre de ses discours demeurent en mémoire. Cette anthologie en rassemble huit. Dans une langue tour à tour déterminée, grave ou encore exaltée, Barack Obama n\'a de cesse de réaffirmer son amour et sa confiance en son pays et ses habitants et, quelles que soient les circonstances, de toujours véhiculer un message porteur d\'espoir, à l\'image de son slogan : Yes, we can ! «Parce que le plus puissant vocable de notre démocratie, c\'est ce Nous. Nous, le peuple. Nous vaincrons. Oui, nous pouvons. Ce mot, personne ne le possède. Il appartient à tous. Oh, quelle glorieuse mission nous a-t-on confiée, de tâcher sans cesse d\'améliorer ce grand pays qui est le nôtre !»', '2,00', 'discours-choisis', 12),
('Rhinocéros', 21, '9782070368167', '« Ce sont eux qui sont beaux. J\'ai eu tort ! Oh ! comme je voudrais être comme eux. Je n\'ai pas de corne, hélas ! Que c\'est laid, un front plat. Il m\'en faudrait une ou deux, pour rehausser mes traits tombants. Ça viendra peut-être, et je n\'aurai plus honte, je pourrai aller tous les retrouver. Mais ça ne pousse pas ! (Il regarde les paumes de ses mains.) Mes mains sont moites. Deviendrontelles rugueuses ? (Il enlève son veston, défait sa chemise, contemple sa poitrine dans la glace.) J\'ai la peau flasque. Ah, ce corps trop blanc, et poilu ! Comme je voudrais avoir une peau dure et cette magnifique couleur d\'un vert sombre, une nudité décente, sans poils, comme la leur ! »', '8,90', 'rhinoceros', 10),
('Candide', 35, '9782237000725', 'Il y avait dans le voisinage un derviche très fameux, qui passait pour le meilleur philosophe de la Turquie ; ils allèrent le consulter ; Pangloss porta la parole, et lui dit : « Maître, nous venons vous prier de nous dire pourquoi un aussi étrange animal que l’homme a été formé.\r\n– De quoi te mêles-tu ? dit le derviche, est-ce là ton affaire ? \r\n– Mais, mon Révérend Père, dit Candide, il y a horriblement de mal sur la terre. Qu’importe, dit le derviche, qu’il y ait du mal ou du bien ? Quand Sa Hautesse envoie un vaisseau en Égypte, s’embarrasse-t-elle si les souris qui sont dans le vaisseau sont à leur aise où non ?...', '1,50', 'candide', 3),
('Cyrano de Bergerac', 12, '9782070409310', 'Aimable jeune homme et auteur à demi-succès patronné par Sarah Bernhardt, Rostand devient du jour au lendemain avec Cyrano de Bergerac un héros national, sur-le-champ décoré de la Légion d’honneur. Somptueux divertissement poético-militaire, pièce historique qui rappelait à la fois Les Trois Mousquetaires et le monde des précieux, drame en vers d’une ahurissante virtuosité où parut revivre le meilleur de Ruy Blas, Cyrano conquit sans peine un public lassé du théâtre d’idées, qu’enflamma le patriotisme culturel de l’auteur. « Ainsi, il y a un chef-d’œuvre de plus au monde », écrivait Jules Renard le soir de la générale. Il faut sans doute en rabattre un peu, mais un peu seulement : bien que né dans le sérail de la plus bourgeoise des bourgeoisies, Cyrano demeure la plus grande réussite de théâtre populaire à ce jour connue et le dernier acte, avec son couvent et ses feuilles mortes, est aussi émouvant qu’un finale de Verdi.', '3,00', 'cyrano-de-bergerac', 10),
('1984', 16, '9782072878497', 'Année 1984 en Océanie. 1984 ? C\'est en tout cas ce qu\'il semble à Winston, qui ne saurait toutefois en jurer. Le passé a été réinventé, et les événements les plus récents sont susceptibles d\'être modifiés. Winston est lui-même chargé de récrire les archives qui contredisent le présent et les promesses de Big Brother. Grâce à une technologie de pointe, ce dernier sait tout, voit tout. Liberté est Servitude. Ignorance est Puissance. Telles sont les devises du régime. Pourtant Winston refuse de perdre espoir. Avec l\'insoumise Julia, ils vont tenter d\'intégrer la Fraternité, une organisation ayant pour but de renverser Big Brother. Mais celui-ci veille...', '9,40', '1984', 3),
('Fahrenheit 451', 5, '9782070415731', '451 degrés Fahrenheit représentent la température à laquelle un livre s\'enflamme et se consume.Dans cette société future où la lecture, source de questionnement et de réflexion, est considérée comme un acte antisocial, un corps spécial de pompiers est chargé de brûler tous les livres, dont la détention est interdite pour le bien collectif.Montag, le pompier pyromane, se met pourtant à rêver d\'un monde différent, qui ne bannirait pas la littérature et l\'imaginaire au profit d\'un bonheur immédiatement consommable. Il devient dès lors un dangereux criminel, impitoyablement poursuivi par une société qui désavoue son passé.', '7,40', 'fahrenheit-451', 3),
('Programmer en JAVA', 36, '9782212118896', 'Dans cet ouvrage, Claude Delannoy applique au langage Java la démarche pédagogique qui a fait le succès de ses livres sur le C et le C++. Il insiste tout particulièrement sur la bonne compréhension des concepts objet et sur l\'acquisition de méthodes de programmation rigoureuses. \nL\'apprentissage du langage se fait en quatre étapes : apprentissage de la syntaxe de base, maîtrise de la programmation objet en Java, initiation à la programmation graphique et événementielle avec la bibliothèque Swing, introduction au développement Web avec les servlets Java et les JSP.\nL\'ouvrage met l\'accent sur les apports des versions 5 à 8 de Java Standard Edition : programmation générique, types énumérés, annotations... Un chapitre est dédié aux design patterns en Java et cette 9e édition comporte deux chapitres supplémentaires sur des nouveautés majeures de Java 8 : les streams et les expressions lambda ; la gestion du temps, des dates et des heures. \nChaque notion nouvelle et chaque fonction du langage sont illustrées de programmes complets dont le code source est en libre téléchargement sur le site <a href=\"https://editions-eyrolles.com\">www.editions-eyrolles.com</a>.', '36,00', 'programmer-en-java', 7),
('Harry Potter et l\'Enfant Maudit', 37, '9782075074209', 'La huitième histoire. Dix-neuf ans plus tard.\r\nÊtre Harry Potter n\'a jamais été facile et ne l\'est pas davantage depuis qu\'il travaille au cœur des secrets du ministère de la Magie.\r\nMarié et père de trois enfants, Harry se débat avec un passé qui refuse de le laisser en paix, tandis que son fils Albus affronte le poids d\'un héritage familial dont il n\'a jamais voulu.\r\nQuand passé et présent s\'entremêlent dangereusement, père et fils se retrouvent face à une dure vérité : les ténèbres surviennent parfois des endroits les plus inattendus.', '21,00', 'harry-potter-et-lenfant-maudit', 10),
('L\'Apprenti Épouvanteur', 38, '9782747080569', 'Thomas Ward, le septième fils d\'un septième fils, devient l\'apprenti Épouvanteur du comté. Son maître est très exigeant. Thomas doit apprendre à tenir les spectres à distance, à entraver les gobelins, à empêcher les sorcières de nuire... Cependant, il libère involontairement Mère Malkin, la sorcière la plus maléfique qui soit, et l\'horreur commence...', '7,90', 'lapprenti-epouvanteur', 3),
('Avions en origami', 39, '9782035857842', 'Fléchette, planeur, Mig, avion furtif, jet... 20 pliages en papier pour les 7 à 77 ans, débutants ou initiés. Les plis, symboles et bases essentiels de l\'origami sont expliqués. Chaque réalisation est illustrée pas à pas. Tous les conseils pour régler, équilibrer, lancer et faire voler la plupart des appareils sont donnés. Bien des heures de vol et d\'amusement en perspective...', '3,50', 'avions-en-origami', 13),
('Tobie Lolness Tome 1', 40, '9782070629459', 'Courant parmi les branches, épuisé, les pieds en sang, Tobie fuit, traqué par les siens... Tobie Lolness ne mesure pas plus d\'un millimètre et demi. Son peuple habite le grand chêne depuis la nuit des temps. Parce que son père a refusé de livrer le secret d\'une invention révolutionnaire, sa famille a été exilée, emprisonnée. Seul Tobie a pu s\'échapper. Mais pour combien de temps ?', '9,70', 'tobie-lolness-tome-1', 3),
('Journal d\'un chat assassin', 41, '9782211042871', 'Lundi, j\'ai tué un oiseau. C\'est vrai. Ellie, ma maîtresse, a sangloté si fort en me serrant contre elle que j\'ai cru me noyer. Mais dites-moi, qu\'est-ce que je suis censé faire quand une petite boule de plumes m\'arrive entre les pattes ? Je suis un chat, tout de même. Mercredi, j\'ai rapporté une souris morte à la maison. Je ne l\'avais même pas tuée. Ellie a encore beaucoup pleuré. Et jeudi, il y a eu cette regrettable histoire de lapin...\r\nUn livre pour les enfants qui aiment déjà lire tout seuls.', '7,50', 'journal-dun-chat-assassin', 13),
('Alex Rider Skeleton Key', 34, '9782017028017', 'Skeleton Key, une île des Caraïbes, proche de Cuba... Ce paradis tropical aux eaux infestées de requins est le repaire d’un inquiétant personnage, Alexei Sarov, ancien général de l’Armée rouge, qui a transformé sa propriété en un véritable camp retranché. Alex Rider est chargé par la CIA de découvrir ce qui se trame dans le bunker du général Sarov.', '6,90', 'alex-rider-skeleton-key', 3),
('Alex Rider Pointe Blanche', 34, '9782017028000', 'Le corps du milliardaire Michael J. Roscoe est retrouvé au bas d’une cage d’ascenseur après une chute de soixante étages. Les services secrets britanniques, ou MI 6, pensent que cette mort suspecte est liée au séjour du fils du milliardaire dans une école très spéciale, perdue dans les Alpes françaises : Pointe Blanche. Le MI 6 dispose pour cette mission de l’agent idéal : Alex Rider, quatorze ans.', '6,90', 'alex-rider-pointe-blanche', 3),
('Les Aventures de Tintin - Tintin au Tibet', 41, '9787500760825', 'Edition en chinois', '5,50', 'les-aventures-de-tintin-tintin-au-tibet', 11),
('L\'Espion qui valait des milliards', 43, '9782940701551', 'Adolf Tolkatchev est un discret ingénieur à L\'Institut de recherches sur Les radars à Moscou. Il a accès à des informations ultrasecrètes et essentielles dans la course à L\'armement entre les Etats-Unis et l\'URSS. Obstiné et viscéralement antisoviétique, il parvient à convaincre la CIA d\'accepter sa collaboration. Ainsi, entre 1978 et 1985, Tolkatchev photographie des documents d\'une immense valeur, pour lesquels il reçoit de grosses sommes d\'argent.\r\nGrâce à ses renseignements qui ont donné aux Etats-Unis une supériorité quasi totale dans le ciel, il devient l\'un des espions les plus précieux de La guerre froide. Dénoncé par un aspirant espion américain, Tolkatchev est arrêté, puis exécuté pour haute trahison en 1986. A partir de documents jusqu\'alors secrets, déclassifiés ou obtenus auprès de la CIA, ainsi que d\'entretiens avec des témoins, David E.\r\nHoffman brosse un portrait saisissant et sans précédent d\'Adolf Tolkatchev. Passionnant, imprévisible, au rythme enlevé et extrêmement précis, L\'Espion qui valait des milliards est un document brillant, doublé d\'un formidable récit d\'espionnage, sur Les dernières années de La guerre froide. Dans une ambiance digne des romans de John Le Carré, L\'auteur nous entraîne dans un univers à double sens, parsemé de dangers et de secrets géopolitiques.', '22,00', 'lespion-qui-valait-des-milliards', 3),
('U4 .Contagion', 44, '9782266329491', 'Un virus a décimé 90% de la population. Mais Koridwen, Yannis, Jules et Stéphane ne sont pas les seuls survivants. Le phénomène U4 continue enfin en format poche ! Le virus U4 a décimé 90% de la population mondiale, n\'épargnant que quelques adolescents entre 15 et 18 ans et de rares adultes. Koridwen, Jules, Stéphane et Yannis font partie des survivants. Mais ce ne sont pas les seuls. \" Je m\'appelle Séverine, le monde est ravagé et je crois que je suis enceinte.\r\n\r\nJe m\'appelle Philippe, moi, président de la République française, je n\'ai pas pu sauver ma propre famille. Je m\'appelle Nicolas, je suis bloqué en Espagne avec mes potes : tout le pays est mort sauf nous, touristes français. Je m\'appelle Happy, j\'ai compris bien avant mes maîtres qu\'un bouleversement se préparait. Je m\'appelle Koridwen, j\'ai l\'impression d\'avoir déjà vécu ça...', '8,30', 'u4-contagion', 3),
('L\'Invisible de la rue Vaucouleurs', 45, '9782493575241', 'Avant que son histoire ne soit réduite à une affaire juridique qui porte désormais son nom, le docteur Sarah Halimi a vécu, aimé, mis trois enfants au monde et pris soin de tant d\'autres, comme médecin et directrice d\'une crèche. Un jeune multirécidiviste, habitué d\'une mosquée salafiste, l\'a sauvagement assassinée chez elle, rue Vaucouleurs, dans le XIe arrondissement de Paris, le 4 avril 2017. Reconnu pénalement irresponsable, le meurtrier a échappé à un procès.\r\n\r\nAprès bien des efforts des avocats des parties civiles, les motivations antisémites de son crime ont pourtant été retenues. Notre voisine juive a été tuée parce que juive. Un drame communautaire, dites-vous ? Non. Une affaire française. Aussi longtemps que la justice en France sera rendue au nom du peuple et que la fraternité comptera parmi nos principes. \r\n\r\nCe livre aurait été moins nécessaire si, à défaut de pouvoir réparer l\'irréparable, l\'institution judiciaire avait eu la sagesse et le courage de répondre au besoin de vérité de nous tous, Juifs et non-Juifs.\r\nA sa démission, il serait impardonnable d\'en ajouter une autre : notre silence.', '23,00', 'linvisible-de-la-rue-vaucouleurs', 13),
('Les questions cons', 46, '9782754083744', 'Dans la vie, tout le monde se pose des questions. Il y a les questions intelligentes, celles qui font réfléchir : c\'est quoi un atome ? Comment sortir de la crise ?... \r\nEt puis il y a les autres, celles qu\'on se pose tout bas sans parfois même se l\'avouer : \r\n\r\nPourquoi ne voit-on jamais de bébés pigeons ? \r\nCombien y a-t-il de grains dans un paquet de riz ? \r\nA quelle vitesse nos cheveux poussent-ils ? \r\nCombien gagne un SDF en une journée de manche ? \r\n\r\nSi, pour flatter leur ego, certains ne veulent répondre qu\'aux questions intelligentes, qui va répondre aux questions cons ? Moi, bien sûr ! J\'en ai même fait mon métier ! Saviez-vous par exemple qu\'il fallait 47 chocolats Mon Chéri pour être positif à l\'éthylotest ? Ou encore qu\'une poule pondait 300 oeufs par an ? \r\n\r\nDécouvrez mes expériences parfois farfelues pour trouver les réponses à vos questions, et surtout cultivez-vous au travers de mes réponses... pas toujours si cons que ça ! ', '12,95', 'les-questions-cons', 13),
('43, rue du Vieux-Cimetière', 47, '9782226242396', 'Ignace Bronchon est sans doute le plus grincheux des auteurs de séries pour enfants. Lui qui n\'a pas écrit une ligne depuis vingt ans espère terminer le treizième volume de sa série dans la vieille demeure victorienne du 43, rue du Vieux-Cimetière qu\'il a louée pour l\'été.\r\nMais il découvre horrifié qu\'il doit cohabiter avec Lester, le fils des propriétaires, et - bien qu\'il ait quelques difficultés à l\'admettre - avec Adèle L Vranstock, l\'ancienne propriétaire.\r\nOu, plus exactement, avec le fantôme d\'Adèle...', '8,50', '43-rue-du-vieuxcimetiere', 3),
('Espions de famille - Bon baisers de papy', 48, '9782747039949', 'Alex Caillebotis est un ado ordinaire fan de jeux vidéo... qui aime en secret la jolie Leïla. Amédée Caillebotis est un grand-père un poil envahissant... qui humilie malencontreusement Alex devant l\'élue de son cœur. Pour recoller les morceaux, Amédée révèle à Alex son glorieux passé d\'espion au service de la république. \r\n« Papy, agent secret? Et puis quoi, encore ?! »\r\nEt pourtant... De vieux ennemis de l\'ex-espion ne vont pas tarder à refaire surface et menacer toute la famille Caillebotis...', '9,95', 'espions-de-famille-bon-baisers-de-papy', 11);

INSERT INTO `books_backup` (`nom`, `auteur_id`, `isbn`, `description`, `prix`, `link`, `genre_id`) VALUES
('Le Joueur d\'échecs', 1, '9782253057840', 'Qui est cet inconnu capable d\'en remontrer au grand Czentovic, le champion mondial des échecs, véritable prodige aussi fruste qu\'antipathique ? Peut-on croire, comme il l\'affirme, qu\'il n\'a pas joué depuis plus de vingt ans ? Voilà un mystère que les passagers oisifs de ce paquebot de luxe aimeraient bien percer.\r\nLe narrateur y parviendra. Les circonstances dans lesquelles l\'inconnu a acquis cette science sont terribles. Elles nous reportent aux expérimentations nazies sur les effets de l\'isolement absolu, lorsque, aux frontières de la folie, entre deux interrogatoires, le cerveau humain parvient à déployer ses facultés les plus étranges.\r\nUne fable inquiétante, fantastique, qui, comme le dit le personnage avec une ironie douloureuse, « pourrait servir d\'illustration à la charmante époque où nous vivons ».', '3', 'le-joueur-dechecs', 3),
('Le Monde d\'hier : Souvenirs d\'un Européen', 1, '9782253140405', 'Rédigé en 1941, alors que, émigré au Brésil, Stefan Zweig avait déjà décidé de mettre fin à ses jours, \"Le Monde d\'hier\" est l\'un des plus grands livres-témoignages de notre époque. Zweig y retrace l\'évolution de l\'Europe de 1895 à 1941, le destin d\'une génération confrontée brutalement à l\'Histoire et à toutes les « catastrophes imaginables ».\r\nIl évoque avec bonheur sa vie de bourgeois privilégié dans la Vienne d\'avant 1914 et quelques grandes figures qui furent ses amis : Schnitzler, Rilke, Romain Rolland, Freud ou Valéry. Mais il donne aussi à voir la montée du nationalisme, le bouleversement des idées d\'après 14-18 puis l\'arrivée au pouvoir d\'Hitler, l\'horreur de l\'antisémitisme d\'État et, pour finir, « le suicide de l\'Europe ».\r\nAvec le recul, la lucidité de son testament intellectuel frappe le lecteur d\'aujourd\'hui, de même que sa dénonciation des nationalismes et son plaidoyer pour l\'Europe.', '9.70', 'le-monde-dhier-souvenir-dun-europeen', 3),
('Ivresse de la métamorphose', 1, '9782253064602', 'Dernière oeuvre de Stefan Zweig, non publiée de son vivant, ce véritable testament romanesque nous transporte dans l\'Autriche de l\'entre-deux-guerres, déjà convoitée par l\'Allemagne nazie. Christine, modeste employée des Postes, a vu mourir son père et son frère. L\'invitation impromptue d\'une riche tante d\'Amérique achève de la révolter contre la médiocrité de sa vie, sentiment qu\'elle partage bientôt avec Ferdinand, ancien combattant mutilé, devenu chômeur.\r\nMais l\'argent et la puissance mènent le monde, non pas l\'amour. Devant le lent naufrage de l\'Europe dans la barbarie, le couple s\'enfonce dans une désespérance qui semble annoncer le suicide, en 1942, du grand écrivain autrichien, auteur d\'Amok et de La Confusion des sentiments.', '8.70', 'ivresse-de-la-metamorphose', 3),
('Lettre d\'une inconnue', 1, '9782253175476', 'Un écrivain viennois apprend en lisant son courrier qu’une femme l’aime en secret d’un amour absolu depuis des années.\r\nUne nuit, un voyageur rencontre dans un bar un homme autrefois dominateur, aujourd’hui humilié par une fille à matelots.\r\nCes deux nouvelles publiées en 1922 témoignent de l’art de Stefan Zweig pour dépeindre les tourments de l’amour non partagé, la passion qui brûle les cœurs et détruit les vies.', '1.90', 'lettre-dune-inconnue', 3),
('Vingt-quatre heures de la vie d\'une femme', 1, '9782253060222', 'Scandale dans une pension de famille « comme il faut », sur la Côte d\'Azur du début du siècle : Mme Henriette, la femme d\'un des clients, s\'est enfuie avec un jeune homme qui pourtant n\'avait passé là qu\'une journée... Seul le narrateur tente de comprendre cette « créature sans moralité », avec l\'aide inattendue d\'une vieille dame anglaise très distinguée, qui lui expliquera quels feux mal éteints cette aventure a ranimés chez elle.\r\nCe récit d\'une passion foudroyante, bref et aigu comme les affectionnait l\'auteur d\'Amok et du Joueur d\'échecs, est une de ses plus incontestables réussites.', '4', 'vingt-quatre-heures-de-la-vie-dune-femme', 3),
('Dans les forêts de Sibérie', 2, '9782072836800', 'Assez tôt, j\'ai compris que je n\'allais pas pouvoir faire grand-chose pour changer le monde. Je me suis alors promis de m\'installer quelque temps, seul, dans une cabane. Dans les forêts de Sibérie.  J\'ai acquis une isba de bois, loin de tout, sur les bords du lac Baïkal.  Là, pendant six mois, à cinq jours de marche du premier village, perdu dans une nature démesurée, j\'ai tâché de vivre dans la lenteur et la simplicité. Je crois y être parvenu.  Deux chiens, un poêle à bois, une fenêtre ouverte sur un lac suffisent à l\'existence.  Et si la liberté consistait à posséder le temps ? Et si la richesse revenait à disposer de solitude, d\'espace et de silence - toutes choses dont manqueront les générations futures ?  Tant qu\'il y aura des cabanes au fond des bois, rien ne sera tout à fait perdu.', '8.90', 'dans-les-forets-de-siberie', 3),
('Sur les Chemins noirs', 2, '9782072823428', 'Il m\'aura fallu courir le monde et tomber d\'un toit pour saisir que je disposais là, sous mes yeux, dans un pays si proche dont j\'ignorais les replis, d\'un réseau de chemins campagnards ouverts sur le mystère, baignés de pur silence, miraculeusement vides. \r\nLa vie me laissait une chance, il était donc grand temps de traverser la France à pied sur mes chemins noirs. Là, personne ne vous indique ni comment vous tenir, ni quoi penser, ni même la direction à prendre', '7.80', 'sur-les-chemins-noirs', 3),
('Jean Moulin, le héros oublié', 3, '9782259316743', 'Le 21 juin 1943, Jean Moulin est arrêté. Il vient d\'être dénoncé. Face à lui, Klaus Barbie, le chef de la Gestapo de Lyon. Tous deux savent que la partie est finie.\r\n« Affreusement torturé par un ennemi sans honneur », dit le général de Gaulle, le héros français va mourir lors de son transfert en Allemagne. Son corps est incinéré et ses cendres sont classées « inconnues » au cimetière du Père-Lachaise.\r\nC\'était il y a quatre-vingts ans.\r\nOn pense tout connaître, tout savoir de celui qui a donné sa vie pour la France. Pourtant, nul n\'évoque plus sa mémoire. En entrant au Panthéon, en 1964, et surtout dans les livres d\'histoire, l\'homme a été réduit à l\'image figée d\'un héros.\r\nIl est temps de raconter la vie de Jean Moulin, d\'écrire son épopée – alors que ses derniers compagnons sont aujourd\'hui disparus –, de sonder ses faiblesses, de restituer son humanité. De lui rendre hommage.\r\nFabrice Grenard, le grand spécialiste de la Résistance, a relevé ce défi. Avec cet ouvrage, il nous plonge au coeur des années sombres et réveille notre fierté patriotique.', '15.90', 'jean-moulin-le-heros-oublie', 6),
('Veiller sur elle', 4, '9782378803759', 'Au grand jeu du destin, Mimo a tiré les mauvaises cartes. Né pauvre, il est confié en apprentissage à un sculpteur de pierre sans envergure. Mais il a du génie entre les mains.\r\nToutes les fées ou presque se sont penchées sur Viola Orsini. Héritière d\'une famille prestigieuse, elle a passé son enfance à l\'ombre d\'un palais génois. Mais elle a trop d\'ambition pour se résigner à la place qu\'on lui assigne.\r\nCes deux-là n\'auraient jamais dû se rencontrer. Au premier regard, ils se reconnaissent et se jurent de ne jamais se quitter. Viola et Mimo ne peuvent ni vivre ensemble, ni rester longtemps loin de l\'autre. Liés par une attraction indéfectible, ils traversent des années de fureur quand l\'Italie bascule dans le fascisme. Mimo prend sa revanche sur le sort, mais à quoi bon la gloire s\'il doit perdre Viola ?\r\nUn roman plein de fougue et d\'éclats, habité par la grâce et la beauté.', '22.50', 'veiller-sur-elle', 3),
('Double piège', 18, '9782266285506', 'New Jersey, aujourd\'hui.\r\nPour surveiller sa baby-sitter, Maya a installé une caméra dans son salon. Un jour, un homme apparaît à l\'écran, jouant avec sa petite Lily. Un homme que Maya connaît bien : Joe, son mari... qu\'elle vient d\'enterrer.\r\nUn choc. Et de troublantes découvertes : le certificat de décès de Joe a disparu et l\'arme impliquée dans sa mort est aussi celle qui a coûté la vie à la sœur de Maya, Claire, quatre mois plus tôt.\r\nMort ou vivant, qui était vraiment Joe ? Doit-on croire tout ce que l\'on voit ?\r\nPour Maya, l\'heure est venue de plonger dans un passé trouble ; un monde à la frontière entre vérité et illusions. Un monde dangereux, dont elle pourrait être la nouvelle victime...\r\n', '8.60', 'double-piege', 3),
('Underground Railroad', 19, '9782253100744', 'Cora, seize ans, est esclave sur une plantation de coton dans la Géorgie d’avant la guerre de Sécession. Abandonnée par sa mère lorsqu’elle était enfant, elle survit tant bien que mal à la violence de sa condition. Lorsque Caesar, un esclave récemment arrivé de Virginie, lui propose de s’enfuir, elle accepte et tente, au péril de sa vie, de gagner avec lui les États libres du Nord.\r\nDe la Caroline du Sud à l’Indiana en passant par le Tennessee, Cora va vivre une incroyable odyssée. Traquée comme une bête par un impitoyable chasseur d’esclaves qui l’oblige à fuir, sans cesse, le « misérable cœur palpitant » des villes, elle fera tout pour conquérir sa liberté.\r\nL’une des prouesses de Colson Whitehead est de matérialiser l’« Underground Railroad », le célèbre réseau clandestin d’aide aux esclaves en fuite qui devient ici une véritable voie ferrée souterraine, pour explorer, avec une originalité et une maîtrise époustouflantes, les fondements et la mécanique du racisme.\r\nÀ la fois récit d’un combat poignant et réflexion saisissante sur la lecture de l’Histoire, ce roman, couronné par le prix Pulitzer, est une œuvre politique aujourd’hui plus que jamais nécessaire.', '8.20', 'underground-railroad', 3),
('Les Fantômes de Manhattan', 17, '9782253184416', 'Annie O’Neill, 31 ans, est une jeune fille discrète. Elle tient une petite librairie en plein cœur de Manhattan, fréquentée par quelques clients aussi solitaires et marginaux qu’elle. Son existence est bouleversée par la visite d’un nommé Forrester, qui se présente comme un très bon ami de ses parents, qu’elle n’a pratiquement pas connus.L’homme est venu lui remettre un manuscrit. Celui-ci raconte l’histoire d’un certain Haim Kruszwica, adopté par un soldat américain lors de la libération de Dachau, devenu ensuite une des grandes figures du banditisme new-yorkais. Quel rapport avec l’histoire intime d’Annie ? Et pourquoi le dénommé Forrester est-il si réticent à lui avouer la vérité ? Lorsqu’elle lui sera enfin dévoilée, celle-ci sera plus inattendue et incroyable que tout ce qu’elle a pu imaginer.', '8.40', 'les-fantomes-de-manhattan', 3),
('Une Jeunesse au temps de la Shoah', 6, '9782253127628', 'L\'idée d\'extraire de ma biographie les quelques passages qui peuvent être regardés comme d\'utile pédagogie vis-à-vis de la jeunesse d\'aujourd\'hui m\'a paru séduisante.\r\nS.V.\r\nCette édition pédagogique regroupe les quatre premiers chapitres d\'Une vie et couvre la période 1927-1954. Ce que Simone Veil a vécu durant ces années - où elle passa d\'une enfance protégée à l\'horreur des camps de concentration, puis retourna à la « vie normale » - sans pouvoir partager son expérience avec ceux qui ne l\'avaient pas connue, s\'inscrit dans le nécessaire devoir de mémoire des jeunes générations. Source de réflexions, son sobre récit est également une leçon de courage et d\'espoir.', '5.70', 'une-jeunesse-au-temps-de-la-shoah', 3),
('L\'Attentat', 9, '9782266204972', 'Dans un restaurant de Tel-Aviv, une femme se fait exploser au milieu de dizaines de clients. À l\'hôpital, le docteur Amine, chirurgien israélien d\'origine arabe, opère à la chaîne les survivants de l\'attentat. Dans la nuit qui suit le carnage, on le rappelle d\'urgence pour examiner le corps déchiqueté de la kamikaze. Le sol se dérobe alors sous ses pieds : il s\'agit de sa propre femme.\r\nComment admettre l\'impossible, comprendre l\'inimaginable, découvrir qu\'on a partagé, des années durant, la vie et l\'intimité d\'une personne dont on ignorait l\'essentiel ? Pour savoir, il faut entrer dans la haine, le sang et le combat désespéré du peuple palestinien...', '8.30', 'lattentat', 3),
('22/11/63', 8, '9782253195108', 'Imaginez que vous puissiez remonter le temps, changer le cours de l\'Histoire. Le 22 novembre 1963, le président Kennedy était assassiné à Dallas. \r\nÀ moins que... \r\nJake Epping, professeur d\'anglais à Lisbon Falls, n\'a pu refuser la requête d\'un ami mourant : empêcher l\'assassinat de Kennedy. Une fissure dans le temps va l\'entraîner dans un fascinant voyage dans le passé, en 1958, l\'époque d\'Elvis et de JFK, des Plymouth Fury et des Everly Brothers, d\'un dégénéré solitaire nommé Lee Harvey Oswald et d\'une jolie bibliothécaire qui deviendra le grand amour de Jake. \r\nAvec une extraordinaire énergie créatrice, Stephen King revisite au travers d\'un suspense vertigineux l\'Amérique du baby-boom, des « happy days » et du rock‘n’roll.', '12.90', '221163', 3),
('À l\'Ouest rien de nouveau', 10, '9782253006701', '« Quand nous partons, nous ne sommes que de vulgaires soldats, maussades ou de bonne humeur et, quand nous arrivons dans la zone où commence le front, nous sommes devenus des hommes-bêtes… »\r\nTémoignage d’un simple soldat allemand de la guerre de 1914-1918, À l’ouest rien de nouveau, roman pacifiste, réaliste et bouleversant, connut, dès sa parution en 1928, un succès mondial retentissant. Il reste l’un des ouvrages les plus forts dans la dénonciation de la monstruosité de la guerre.', '6.10', 'a-louest-rien-de-nouveau', 3),
('Gagner la guerre', 7, '9782070464272', '« Gagner une guerre, c\'est bien joli, mais quand il faut partager le butin entre les vainqueurs, et quand ces triomphateurs sont des nobles pourris d\'orgueil et d\'ambition, le coup de grâce infligé à l\'ennemi n\'est qu\'un amuse-gueule. C\'est la curée qui commence. On en vient à regretter les bonnes vieilles batailles rangées et les tueries codifiées selon l\'art militaire. Désormais, pour rafler le pactole, c\'est au sein de la famille qu\'on sort les couteaux. Et il se trouve que les couteaux, justement, c\'est plutôt mon rayon... »\r\n\r\nGagner la guerre est le premier roman de Jean-Philippe Jaworski. On y retrouve avec plaisir l’écriture inimitable de l’auteur des nouvelles de Janua vera et don Benvenuto, personnage aussi truculent que détestable. Le livre a obtenu en 2009 le prix du premier roman de la région Rhône-Alpes et le prix Imaginales du meilleur roman français de fantasy.', '13.50', 'gagner-la-guerre', 3),
('Le Procès', 14, '9782253150152', 'M. K. est arrêté un beau matin par des policiers mystérieux, pour une faute qu\'on ne veut pas lui dire. Il reste libre de ses mouvements. \r\nMais il ne peut plus ignorer qu\'un procès lui est intenté par des instances énigmatiques. Il essaiera de voir des juges, des avocats. Il tourne en rond, il perd sa peine. Il apprend qu\'il ne peut être gracié. \r\nÀ l\'aube, un jour, deux messieurs en frac et en gibus l\'exécutent dans une carrière, en lui sciant le cou dans un mouvement de ballet. Quelle est cette justice étrange ? Quel est ce Procès qu\'on ne peut jamais gagner ? M. K. n\'est-il pas l\'homme tout court, condamné à mort de naissance, et qui s\'agite vainement du néant à la tombe. ', '4.40', 'le-proces', 3),
('La Ferme des animaux', 16, '9782072921414', 'Un jour de juin eut lieu en Angleterre la révolte des animaux. Les cochons dirigent le nouveau régime. Boule-de-Neige et Napoléon, cochons en chef, affichent un règlement : « Tout ce qui marche sur deux pieds est un ennemi. Tout ce qui marche sur quatre pattes, ou possède des ailes, est un ami. Nul animal ne portera de vêtements. Nul animal ne dormira dans un lit. Nul animal ne boira d’alcool. Nul animal ne tuera un autre animal. Tous les animaux sont égaux. » Le temps passe. La pluie efface les commandements. L’âne, un cynique, arrive encore à déchiffrer : « Tous les animaux sont égaux, mais certains animaux sont plus égaux que d’autres. »', '5', 'la-ferme-des-animaux', 3),
('La Métamorphose', 14, '9782080441218', 'Un beau matin, Gregor Samsa, fils d’une famille de petits-bourgeois à l’existence médiocre, se réveille changé en un coléoptère monstrueux. Face à cette transformation aussi soudaine qu’inexplicable, c’est le comportement de tout son entourage qui se métamorphose…\r\nRégi de bout en bout par une implacable logique, La Métamorphose (1915), récit cocasse et terrifiant, est le plus célèbre des textes de Kafka.', '2.50', 'la-metamorphose', 3),
('La Promesse de l\'aube', 13, '9782070363735', '«- Tu seras un héros, tu seras général, Gabriele D\'Annunzio, Ambassadeur de France - tous ces voyous ne savent pas qui tu es ! \r\nJe crois que jamais un fils n\'a haï sa mère autant que moi, à ce moment-là. Mais, alors que j\'essayais de lui expliquer dans un murmure rageur qu\'elle me compromettait irrémédiablement aux yeux de l\'Armée de l\'Air, et que je faisais un nouvel effort pour la pousser derrière le taxi, son visage prit une expression désemparée, ses lèvres se mirent à trembler, et j\'entendis une fois de plus la formule intolérable, devenue depuis longtemps classique dans nos rapports : - Alors, tu as honte de ta vieille mère ?»', '9.40', 'la-promesse-de-laube', 3),
('Unité 8200', 15, '9782072873089', 'Quand un entrepreneur israélien disparaît à Roissy après avoir été aperçu en compagnie d\'une femme, personne ne s\'inquiète. Pourtant, dans son pays, l\'alerte est vite donnée. Le colonel Zeev Abadi, fraîchement nommé à la tête de l\'Unité 8200, l\'élite du renseignement israélien, se trouvait à bord du même vol. La coïncidence est troublante. Quand un deuxième passager de cet avion disparaît à son tour, la crise diplomatique approche. Tandis qu\'Abadi, épaulé par la redoutable Oriana Talmor, s\'active entre Paris et Tel-Aviv pour identifier et retrouver les victimes, un commando chinois rôde dans les rues de Paris. Et au fil de la nuit, les corps s\'accumulent...', '9.40', 'unite-8200', 3),
('La Potion magique de Georges Bouillon', 26, '9782070513406', 'La plupart des grands-mères sont d\'adorables vieilles dames, gentilles et serviables. Hélas, ce n\'est pas le cas de la grand-mère de Georges ! Grincheuse, affreuse et égoïste, elle ressemble trop à une sorcière. Et puis elle a de curieux goûts : elle aime se régaler de limaces, de chenilles... Un jour, alors qu\'elle vient une fois de plus de le terroriser, Georges décide de lui préparer une terrible potion magique. Une potion aux effets surprenants, extraordinaires, hilarants...', '7.90', 'la-potion-magique-de-georges-bouillon', 3),
('Charlie et la chocolaterie', 26, '9782070513338', 'Le métier de visseur de capuchons de tubes de dentifrice ne permettait pas à Mr Bucket de subvenir aux besoins de sa nombreuse famille : Mrs Bucket son épouse, grand-maman Joséphine et grand-papa Joe, grand-papa Georges et grand-maman Georgina. Sans oublier son fils Charlie dont le rêve le plus fou était de manger du chocolat ! Aussi, quelle ne fut pas l\'émotion du jeune garçon en apprenant que Willy Wonka invitait cinq enfants à visiter sa merveilleuse chocolaterie, la plus célèbre du monde entier. Les cinq enfants qui découvriraient un ticket d\'or caché dans cinq bâtons de chocolat...', '7.90', 'charlie-et-la-chocolaterie', 3),
('Matilda', 26, '9782070512546', 'Avant même d\'avoir cinq ans, Matilda sait lire et écrire, connaît tout Dickens, tout Hemingway, a dévoré Kipling et Steinbeck. Pourtant son existence est loin d\'être facile entre une mère indifférente, abrutie par la télévision et un père d\'une franche malhonnêteté. Sans oublier Mlle Legourdin, la directrice de l\'école, personnage redoutable qui voue à tous les enfants une haine implacable. Sous la plume tendre et acerbe de Roald Dahl, les événements vont se précipiter, étranges, terribles, hilarants...', '9.70', 'matilda', 3),
('Bizarre ! Bizarre !', 26, '9782070363957', '« Pour l\'amour de Dieu, dit-il sans se retourner, ne prépare rien pour moi. Je sors. » Alors, Mary Maloney fit simplement quelques pas vers lui et, sans attendre, elle leva le gros gigot aussi haut qu\'elle put au-dessus du crâne de son mari, puis cogna de toutes ses forces. Elle aurait pu aussi bien l\'assommer d\'un coup de massue. Elle recula. Il demeura miraculeusement debout pendant quelques secondes, en titubant un peu. Puis il s\'écroula sur le tapis.', '9.40', 'bizarre-bizarre', 3),
('Fables - Livres VII à XI', 24, '9782401056831', 'Le lion, monarque absolu, met à mort ceux de ses sujets qui n’ont pas la chance de lui plaire. Une laitière, qui espérait s’enrichir à la ville, voit ses rêves s’écrouler…\r\nDans les fables qui composent les livres VII à XI, La Fontaine dresse – sous des apparences plaisantes – un tableau sans concession du Grand Siècle. Ce faisant, il nous offre un art de vivre fondé sur la rêverie, l’amitié et l’amour.', '3.20', 'fables-livres-vii-a-xi', 9),
('La Princesse de Clèves', 25, '9782401059375', 'À la cour du roi Henri II, Mme de Clèves tombe sous le charme de M. de Nemours et subit les ravages d’une passion coupable.\r\nDans ce roman d’analyse, pionnier du genre, Mme de Lafayette dépeint avec minutie les tourments de son héroïne, déchirée entre désir et devoir.', '3,20', 'la-princesse-de-cleves', 3),
('Les Fausses Confidences', 28, '9782091512181', 'Le séduisant et désargenté Dorante aime Araminte, jeune et riche veuve. Mais, tout les sépare. Comment faire naître l\'amour dans le coeur de la belle ? Dubois, valet d\'Araminte et ancien serviteur de Dorante, maître en intrigues et stratagèmes, y veille. ', '3,50', 'les-fausses-confidences', 10),
('Les Fleurs du Mal', 27, '9782091512143', 'Un poète à l\'élégance recherchée, provocateur et hanté par la mélancolie, nous invite, dans ce recueil original, à découvrir son univers. Ses audaces sont telles que le livre passa en justice. Visitons dons le laboratoire d\'alchimiste de Charles Baudelaire, dans lequel les femmes s\'épanouissent sur le terreau du mal et de la douleur, et où la misère et la boue de la ville sont transmutées en or poétique.', '3,50', 'les-fleurs-du-mal', 11),
('Les Misérables', 20, '9782035834256', 'La bataille de Waterloo, Paris, les barricades, les bagnes et les usines… Fantine, Cosette, Jean Valjean, Gavroche, les Thénardier… Les événements, les lieux et les héros les plus célèbres de toute la littérature française dans un roman d’aventures, de passion et de haine, de vengeance et de pardon, tout à tour tragique et drôle, violent et sentimental, historique et légendaire, noir et poétique. Le chef-d’œuvre de Victor Hugo, mille fois adapté et traduit, à découvrir dans sa version originale.', '3,95', 'les-miserables', 3),
('Le Horla', 31, '9782070626083', '« D\'où viennent ces influences mystérieuses qui changent en découragement notre bonheur et notre confiance en détresse ? On dirait que l\'air, l\'air invisible est plein d\'inconnaissables Puissances, dont nous subissons les voisinages mystérieux. » L\'homme qui écrit ces lignes se croit poursuivi par une redoutable créature invisible : le Horla. Une créature qui va l\'entraîner au bout de la folie...', '4,00', 'le-horla', 1),
('L\'Ami retrouvé', 23, '9782070374632', 'Agé de seize ans, Hans Schwarz, fils unique d\'un médecin juif, fréquente le lycée le plus renommé de Stuggart. Il est encore seul et sans ami véritable lorsque l\'arrivée dans sa classe d\'un\' garçon d\'une famille protestante d\'illustre ascendance lui permet de réaliser son exigeant idéal de l\'amitié, tel que le lui fait concevoir l\'exaltation romantique qui est souvent le propre de l\'adolescence. \r\nC\'est en 1932 qu\'a lieu cette rencontre, qui sera de courte durée, les troubles déclenchés par la venue de Hitler ayant fini par gagner la paisible ville de Stuttgart. Les parents de Hans, qui soupçonnent les vexations que subit le jeune homme au lycée, décident de l\'envoyer en Amérique, où il fera sa carrière et s\'efforcera de rayer de sa vie et d\'oublier l\'enfer de son passé. Ce passé qui se rappellera un jour à lui de façon tragique.', '7,80', 'lami-retrouve', 3),
('L\'Étrange Cas du Dr Jekyll et de Mr Hyde', 30, '9782253147640', 'Petit, difforme, velu, un monstre erre dans l\'atmosphère trouble des rues de Londres. Le vent souffle, l\'éclat rouge des réverbères perce à peine le brouillard...\r\nPaisiblement installé dans son bureau, devant le feu qui crépite, un respectable savant voit avec épouvante sa belle main se dessécher, se couvrir de poils...\r\nUne histoire à faire dresser les cheveux sur la tête du lecteur, même le plus enclin à se dédoubler.', '3,00', 'letrange-cas-du-dr-jekyll-et-de-mr-hyde', 3),
('Théétète Parménide', 11, '9782080701633', '«Théétète, tu essayes par la suite de concevoir d\'autres pensées et si tu les conçois, tu seras plein de choses meilleures grâce à la discussion présente, et, si tu demeures vide, tu seras moins à charge à ceux que tu fréquenteras, et plus doux, parce que tu seras assez sage pour ne pas croire que tu sais ce que tu ne sais pas. C\'est là tout ce que mon art peut faire, et rien de plus. Je ne sais rien de ce que savent les grands et admirables sages de ce temps et du temps passé. Quant à l\'art d\'accoucher, ma mère et moi, nous l\'avons reçu de Dieu, elle pour les femmes, et moi pour les jeunes gens d\'âme généreuse et pour tous ceux qui sont beaux.» \r\nThéétète.', '6,00', 'theetete-parmenide', 12),
('Discours choisis', 22, '9782072777318', 'L\'entrée de Barack Obama à la Maison-Blanche en 2009 a marqué un tournant dans l\'histoire des États-Unis. Il s\'est notamment imposé au fil des ans comme un orateur hors pair, et nombre de ses discours demeurent en mémoire. Cette anthologie en rassemble huit. Dans une langue tour à tour déterminée, grave ou encore exaltée, Barack Obama n\'a de cesse de réaffirmer son amour et sa confiance en son pays et ses habitants et, quelles que soient les circonstances, de toujours véhiculer un message porteur d\'espoir, à l\'image de son slogan : Yes, we can ! «Parce que le plus puissant vocable de notre démocratie, c\'est ce Nous. Nous, le peuple. Nous vaincrons. Oui, nous pouvons. Ce mot, personne ne le possède. Il appartient à tous. Oh, quelle glorieuse mission nous a-t-on confiée, de tâcher sans cesse d\'améliorer ce grand pays qui est le nôtre !»', '2,00', 'discours-choisis', 12),
('Rhinocéros', 21, '9782070368167', '« Ce sont eux qui sont beaux. J\'ai eu tort ! Oh ! comme je voudrais être comme eux. Je n\'ai pas de corne, hélas ! Que c\'est laid, un front plat. Il m\'en faudrait une ou deux, pour rehausser mes traits tombants. Ça viendra peut-être, et je n\'aurai plus honte, je pourrai aller tous les retrouver. Mais ça ne pousse pas ! (Il regarde les paumes de ses mains.) Mes mains sont moites. Deviendrontelles rugueuses ? (Il enlève son veston, défait sa chemise, contemple sa poitrine dans la glace.) J\'ai la peau flasque. Ah, ce corps trop blanc, et poilu ! Comme je voudrais avoir une peau dure et cette magnifique couleur d\'un vert sombre, une nudité décente, sans poils, comme la leur ! »', '8,90', 'rhinoceros', 10),
('Candide', 35, '9782237000725', 'Il y avait dans le voisinage un derviche très fameux, qui passait pour le meilleur philosophe de la Turquie ; ils allèrent le consulter ; Pangloss porta la parole, et lui dit : « Maître, nous venons vous prier de nous dire pourquoi un aussi étrange animal que l’homme a été formé.\r\n– De quoi te mêles-tu ? dit le derviche, est-ce là ton affaire ? \r\n– Mais, mon Révérend Père, dit Candide, il y a horriblement de mal sur la terre. Qu’importe, dit le derviche, qu’il y ait du mal ou du bien ? Quand Sa Hautesse envoie un vaisseau en Égypte, s’embarrasse-t-elle si les souris qui sont dans le vaisseau sont à leur aise où non ?...', '1,50', 'candide', 3),
('Cyrano de Bergerac', 12, '9782070409310', 'Aimable jeune homme et auteur à demi-succès patronné par Sarah Bernhardt, Rostand devient du jour au lendemain avec Cyrano de Bergerac un héros national, sur-le-champ décoré de la Légion d’honneur. Somptueux divertissement poético-militaire, pièce historique qui rappelait à la fois Les Trois Mousquetaires et le monde des précieux, drame en vers d’une ahurissante virtuosité où parut revivre le meilleur de Ruy Blas, Cyrano conquit sans peine un public lassé du théâtre d’idées, qu’enflamma le patriotisme culturel de l’auteur. « Ainsi, il y a un chef-d’œuvre de plus au monde », écrivait Jules Renard le soir de la générale. Il faut sans doute en rabattre un peu, mais un peu seulement : bien que né dans le sérail de la plus bourgeoise des bourgeoisies, Cyrano demeure la plus grande réussite de théâtre populaire à ce jour connue et le dernier acte, avec son couvent et ses feuilles mortes, est aussi émouvant qu’un finale de Verdi.', '3,00', 'cyrano-de-bergerac', 10),
('1984', 16, '9782072878497', 'Année 1984 en Océanie. 1984 ? C\'est en tout cas ce qu\'il semble à Winston, qui ne saurait toutefois en jurer. Le passé a été réinventé, et les événements les plus récents sont susceptibles d\'être modifiés. Winston est lui-même chargé de récrire les archives qui contredisent le présent et les promesses de Big Brother. Grâce à une technologie de pointe, ce dernier sait tout, voit tout. Liberté est Servitude. Ignorance est Puissance. Telles sont les devises du régime. Pourtant Winston refuse de perdre espoir. Avec l\'insoumise Julia, ils vont tenter d\'intégrer la Fraternité, une organisation ayant pour but de renverser Big Brother. Mais celui-ci veille...', '9,40', '1984', 3),
('Fahrenheit 451', 5, '9782070415731', '451 degrés Fahrenheit représentent la température à laquelle un livre s\'enflamme et se consume.Dans cette société future où la lecture, source de questionnement et de réflexion, est considérée comme un acte antisocial, un corps spécial de pompiers est chargé de brûler tous les livres, dont la détention est interdite pour le bien collectif.Montag, le pompier pyromane, se met pourtant à rêver d\'un monde différent, qui ne bannirait pas la littérature et l\'imaginaire au profit d\'un bonheur immédiatement consommable. Il devient dès lors un dangereux criminel, impitoyablement poursuivi par une société qui désavoue son passé.', '7,40', 'fahrenheit-451', 3),
('Programmer en JAVA', 36, '9782212118896', 'Dans cet ouvrage, Claude Delannoy applique au langage Java la démarche pédagogique qui a fait le succès de ses livres sur le C et le C++. Il insiste tout particulièrement sur la bonne compréhension des concepts objet et sur l\'acquisition de méthodes de programmation rigoureuses. \nL\'apprentissage du langage se fait en quatre étapes : apprentissage de la syntaxe de base, maîtrise de la programmation objet en Java, initiation à la programmation graphique et événementielle avec la bibliothèque Swing, introduction au développement Web avec les servlets Java et les JSP.\nL\'ouvrage met l\'accent sur les apports des versions 5 à 8 de Java Standard Edition : programmation générique, types énumérés, annotations... Un chapitre est dédié aux design patterns en Java et cette 9e édition comporte deux chapitres supplémentaires sur des nouveautés majeures de Java 8 : les streams et les expressions lambda ; la gestion du temps, des dates et des heures. \nChaque notion nouvelle et chaque fonction du langage sont illustrées de programmes complets dont le code source est en libre téléchargement sur le site <a href=\"https://editions-eyrolles.com\">www.editions-eyrolles.com</a>.', '36,00', 'programmer-en-java', 7),
('Harry Potter et l\'Enfant Maudit', 37, '9782075074209', 'La huitième histoire. Dix-neuf ans plus tard.\r\nÊtre Harry Potter n\'a jamais été facile et ne l\'est pas davantage depuis qu\'il travaille au cœur des secrets du ministère de la Magie.\r\nMarié et père de trois enfants, Harry se débat avec un passé qui refuse de le laisser en paix, tandis que son fils Albus affronte le poids d\'un héritage familial dont il n\'a jamais voulu.\r\nQuand passé et présent s\'entremêlent dangereusement, père et fils se retrouvent face à une dure vérité : les ténèbres surviennent parfois des endroits les plus inattendus.', '21,00', 'harry-potter-et-lenfant-maudit', 10),
('L\'Apprenti Épouvanteur', 38, '9782747080569', 'Thomas Ward, le septième fils d\'un septième fils, devient l\'apprenti Épouvanteur du comté. Son maître est très exigeant. Thomas doit apprendre à tenir les spectres à distance, à entraver les gobelins, à empêcher les sorcières de nuire... Cependant, il libère involontairement Mère Malkin, la sorcière la plus maléfique qui soit, et l\'horreur commence...', '7,90', 'lapprenti-epouvanteur', 3),
('Avions en origami', 39, '9782035857842', 'Fléchette, planeur, Mig, avion furtif, jet... 20 pliages en papier pour les 7 à 77 ans, débutants ou initiés. Les plis, symboles et bases essentiels de l\'origami sont expliqués. Chaque réalisation est illustrée pas à pas. Tous les conseils pour régler, équilibrer, lancer et faire voler la plupart des appareils sont donnés. Bien des heures de vol et d\'amusement en perspective...', '3,50', 'avions-en-origami', 13),
('Tobie Lolness Tome 1', 40, '9782070629459', 'Courant parmi les branches, épuisé, les pieds en sang, Tobie fuit, traqué par les siens... Tobie Lolness ne mesure pas plus d\'un millimètre et demi. Son peuple habite le grand chêne depuis la nuit des temps. Parce que son père a refusé de livrer le secret d\'une invention révolutionnaire, sa famille a été exilée, emprisonnée. Seul Tobie a pu s\'échapper. Mais pour combien de temps ?', '9,70', 'tobie-lolness-tome-1', 3),
('Journal d\'un chat assassin', 41, '9782211042871', 'Lundi, j\'ai tué un oiseau. C\'est vrai. Ellie, ma maîtresse, a sangloté si fort en me serrant contre elle que j\'ai cru me noyer. Mais dites-moi, qu\'est-ce que je suis censé faire quand une petite boule de plumes m\'arrive entre les pattes ? Je suis un chat, tout de même. Mercredi, j\'ai rapporté une souris morte à la maison. Je ne l\'avais même pas tuée. Ellie a encore beaucoup pleuré. Et jeudi, il y a eu cette regrettable histoire de lapin...\r\nUn livre pour les enfants qui aiment déjà lire tout seuls.', '7,50', 'journal-dun-chat-assassin', 13),
('Alex Rider Skeleton Key', 34, '9782017028017', 'Skeleton Key, une île des Caraïbes, proche de Cuba... Ce paradis tropical aux eaux infestées de requins est le repaire d’un inquiétant personnage, Alexei Sarov, ancien général de l’Armée rouge, qui a transformé sa propriété en un véritable camp retranché. Alex Rider est chargé par la CIA de découvrir ce qui se trame dans le bunker du général Sarov.', '6,90', 'alex-rider-skeleton-key', 3),
('Alex Rider Pointe Blanche', 34, '9782017028000', 'Le corps du milliardaire Michael J. Roscoe est retrouvé au bas d’une cage d’ascenseur après une chute de soixante étages. Les services secrets britanniques, ou MI 6, pensent que cette mort suspecte est liée au séjour du fils du milliardaire dans une école très spéciale, perdue dans les Alpes françaises : Pointe Blanche. Le MI 6 dispose pour cette mission de l’agent idéal : Alex Rider, quatorze ans.', '6,90', 'alex-rider-pointe-blanche', 3),
('Les Aventures de Tintin - Tintin au Tibet', 41, '9787500760825', 'Edition en chinois', '5,50', 'les-aventures-de-tintin-tintin-au-tibet', 11),
('L\'Espion qui valait des milliards', 43, '9782940701551', 'Adolf Tolkatchev est un discret ingénieur à L\'Institut de recherches sur Les radars à Moscou. Il a accès à des informations ultrasecrètes et essentielles dans la course à L\'armement entre les Etats-Unis et l\'URSS. Obstiné et viscéralement antisoviétique, il parvient à convaincre la CIA d\'accepter sa collaboration. Ainsi, entre 1978 et 1985, Tolkatchev photographie des documents d\'une immense valeur, pour lesquels il reçoit de grosses sommes d\'argent.\r\nGrâce à ses renseignements qui ont donné aux Etats-Unis une supériorité quasi totale dans le ciel, il devient l\'un des espions les plus précieux de La guerre froide. Dénoncé par un aspirant espion américain, Tolkatchev est arrêté, puis exécuté pour haute trahison en 1986. A partir de documents jusqu\'alors secrets, déclassifiés ou obtenus auprès de la CIA, ainsi que d\'entretiens avec des témoins, David E.\r\nHoffman brosse un portrait saisissant et sans précédent d\'Adolf Tolkatchev. Passionnant, imprévisible, au rythme enlevé et extrêmement précis, L\'Espion qui valait des milliards est un document brillant, doublé d\'un formidable récit d\'espionnage, sur Les dernières années de La guerre froide. Dans une ambiance digne des romans de John Le Carré, L\'auteur nous entraîne dans un univers à double sens, parsemé de dangers et de secrets géopolitiques.', '22,00', 'lespion-qui-valait-des-milliards', 3),
('U4 .Contagion', 44, '9782266329491', 'Un virus a décimé 90% de la population. Mais Koridwen, Yannis, Jules et Stéphane ne sont pas les seuls survivants. Le phénomène U4 continue enfin en format poche ! Le virus U4 a décimé 90% de la population mondiale, n\'épargnant que quelques adolescents entre 15 et 18 ans et de rares adultes. Koridwen, Jules, Stéphane et Yannis font partie des survivants. Mais ce ne sont pas les seuls. \" Je m\'appelle Séverine, le monde est ravagé et je crois que je suis enceinte.\r\n\r\nJe m\'appelle Philippe, moi, président de la République française, je n\'ai pas pu sauver ma propre famille. Je m\'appelle Nicolas, je suis bloqué en Espagne avec mes potes : tout le pays est mort sauf nous, touristes français. Je m\'appelle Happy, j\'ai compris bien avant mes maîtres qu\'un bouleversement se préparait. Je m\'appelle Koridwen, j\'ai l\'impression d\'avoir déjà vécu ça...', '8,30', 'u4-contagion', 3),
('L\'Invisible de la rue Vaucouleurs', 45, '9782493575241', 'Avant que son histoire ne soit réduite à une affaire juridique qui porte désormais son nom, le docteur Sarah Halimi a vécu, aimé, mis trois enfants au monde et pris soin de tant d\'autres, comme médecin et directrice d\'une crèche. Un jeune multirécidiviste, habitué d\'une mosquée salafiste, l\'a sauvagement assassinée chez elle, rue Vaucouleurs, dans le XIe arrondissement de Paris, le 4 avril 2017. Reconnu pénalement irresponsable, le meurtrier a échappé à un procès.\r\n\r\nAprès bien des efforts des avocats des parties civiles, les motivations antisémites de son crime ont pourtant été retenues. Notre voisine juive a été tuée parce que juive. Un drame communautaire, dites-vous ? Non. Une affaire française. Aussi longtemps que la justice en France sera rendue au nom du peuple et que la fraternité comptera parmi nos principes. \r\n\r\nCe livre aurait été moins nécessaire si, à défaut de pouvoir réparer l\'irréparable, l\'institution judiciaire avait eu la sagesse et le courage de répondre au besoin de vérité de nous tous, Juifs et non-Juifs.\r\nA sa démission, il serait impardonnable d\'en ajouter une autre : notre silence.', '23,00', 'linvisible-de-la-rue-vaucouleurs', 13),
('Les questions cons', 46, '9782754083744', 'Dans la vie, tout le monde se pose des questions. Il y a les questions intelligentes, celles qui font réfléchir : c\'est quoi un atome ? Comment sortir de la crise ?... \r\nEt puis il y a les autres, celles qu\'on se pose tout bas sans parfois même se l\'avouer : \r\n\r\nPourquoi ne voit-on jamais de bébés pigeons ? \r\nCombien y a-t-il de grains dans un paquet de riz ? \r\nA quelle vitesse nos cheveux poussent-ils ? \r\nCombien gagne un SDF en une journée de manche ? \r\n\r\nSi, pour flatter leur ego, certains ne veulent répondre qu\'aux questions intelligentes, qui va répondre aux questions cons ? Moi, bien sûr ! J\'en ai même fait mon métier ! Saviez-vous par exemple qu\'il fallait 47 chocolats Mon Chéri pour être positif à l\'éthylotest ? Ou encore qu\'une poule pondait 300 oeufs par an ? \r\n\r\nDécouvrez mes expériences parfois farfelues pour trouver les réponses à vos questions, et surtout cultivez-vous au travers de mes réponses... pas toujours si cons que ça ! ', '12,95', 'les-questions-cons', 13),
('43, rue du Vieux-Cimetière', 47, '9782226242396', 'Ignace Bronchon est sans doute le plus grincheux des auteurs de séries pour enfants. Lui qui n\'a pas écrit une ligne depuis vingt ans espère terminer le treizième volume de sa série dans la vieille demeure victorienne du 43, rue du Vieux-Cimetière qu\'il a louée pour l\'été.\r\nMais il découvre horrifié qu\'il doit cohabiter avec Lester, le fils des propriétaires, et - bien qu\'il ait quelques difficultés à l\'admettre - avec Adèle L Vranstock, l\'ancienne propriétaire.\r\nOu, plus exactement, avec le fantôme d\'Adèle...', '8,50', '43-rue-du-vieuxcimetiere', 3),
('Espions de famille - Bon baisers de papy', 48, '9782747039949', 'Alex Caillebotis est un ado ordinaire fan de jeux vidéo... qui aime en secret la jolie Leïla. Amédée Caillebotis est un grand-père un poil envahissant... qui humilie malencontreusement Alex devant l\'élue de son cœur. Pour recoller les morceaux, Amédée révèle à Alex son glorieux passé d\'espion au service de la république. \r\n« Papy, agent secret? Et puis quoi, encore ?! »\r\nEt pourtant... De vieux ennemis de l\'ex-espion ne vont pas tarder à refaire surface et menacer toute la famille Caillebotis...', '9,95', 'espions-de-famille-bon-baisers-de-papy', 11);